SR_Pcode,SR_Name_Eng,District/SAZ_Pcode,District/SAZ_Name_Eng,Tsp_Pcode,Township_Name_Eng,Town_Pcode,Town_Name_Eng,Town_Name_MMR,Longitude,Latitude
MMR017,Ayeyarwady,MMR017D006,Pyapon,MMR017024,Bogale,MMR017024701,Bogale Town,ဘိုကလေး,95.3968,16.295
MMR017,Ayeyarwady,MMR017D005,Maubin,MMR017022,Danubyu,MMR017022701,Danubyu Town,ဓနုဖြူ,95.59583,17.25468
MMR017,Ayeyarwady,MMR017D006,Pyapon,MMR017026,Dedaye,MMR017026701,Dedaye Town,ဒေးဒရဲ,95.88512,16.40806
MMR017,Ayeyarwady,MMR017D003,Myaungmya,MMR017015,Einme,MMR017015701,Einme Town,အိမ်မဲ,95.1805,16.8962
MMR017,Ayeyarwady,MMR017D002,Hinthada,MMR017008,Hinthada,MMR017008703,Du Yar Town,ဒူးယား,95.4802,17.5616
MMR017,Ayeyarwady,MMR017D002,Hinthada,MMR017008,Hinthada,MMR017008701,Hinthada Town,ဟင်္သာတ,95.45818,17.64958
MMR017,Ayeyarwady,MMR017D002,Hinthada,MMR017008,Hinthada,MMR017008702,Ta Loke Htaw Town,တလုတ္ထော်,95.3046,17.6419
MMR017,Ayeyarwady,MMR017D002,Hinthada,MMR017013,Ingapu,MMR017013702,Htoogyi Town,ထူးကြီး,95.26073,17.97132
MMR017,Ayeyarwady,MMR017D002,Hinthada,MMR017013,Ingapu,MMR017013701,Ingapu Town,အင်္ဂပူ,95.26926,17.80981
MMR017,Ayeyarwady,MMR017D002,Hinthada,MMR017013,Ingapu,MMR017013703,Me Za Li Kone Town,မဲဇလီကုန်း,95.2288,17.9009
MMR017,Ayeyarwady,MMR017D001,Pathein,MMR017002,Kangyidaunt,MMR017002701,Kangyidaunt Town,ကန်ကြီးထောင့်,94.89476,16.9329
MMR017,Ayeyarwady,MMR017D006,Pyapon,MMR017025,Kyaiklat,MMR017025701,Kyaiklat Town,ကျိုက်လတ်,95.72614,16.44431
MMR017,Ayeyarwady,MMR017D002,Hinthada,MMR017012,Kyangin,MMR017012702,Batye Town,ဘက်ရဲ,95.14703,18.30044
MMR017,Ayeyarwady,MMR017D002,Hinthada,MMR017012,Kyangin,MMR017012701,Kyangin Town,ကြံခင်း,95.23914,18.34035
MMR017,Ayeyarwady,MMR017D001,Pathein,MMR017007,Kyaunggon,MMR017007701,Kyaunggon Town,ကျောင်းကုန်း,95.1904,17.10768
MMR017,Ayeyarwady,MMR017D001,Pathein,MMR017005,Kyonpyaw,MMR017005702,Ahtaung Town,အထောင်,95.33365,17.34855
MMR017,Ayeyarwady,MMR017D001,Pathein,MMR017005,Kyonpyaw,MMR017005701,Kyonpyaw Town,ကျုံပျော်,95.2,17.3
MMR017,Ayeyarwady,MMR017D004,Labutta,MMR017016,Labutta,MMR017016703,Labutta (3) Mile Town,လပွတ္တာ (၃) မိုင်,94.78124,16.19983
MMR017,Ayeyarwady,MMR017D004,Labutta,MMR017016,Labutta,MMR017016701,Labutta Town,လပွတ္တာ,94.75889,16.14557
MMR017,Ayeyarwady,MMR017D004,Labutta,MMR017016,Labutta,MMR017016702,Pyinsalu Town,ပြင်စလူ,94.80943,15.82677
MMR017,Ayeyarwady,MMR017D002,Hinthada,MMR017010,Lemyethna,MMR017010701,Lemyethna Town,လေးမျက်နှာ,95.17454,17.60038
MMR017,Ayeyarwady,MMR017D005,Maubin,MMR017019,Maubin,MMR017019701,Maubin Town,မအူပင်,95.6494,16.73023
MMR017,Ayeyarwady,MMR017D004,Labutta,MMR017018,Mawlamyinegyun,MMR017018701,Mawlamyinegyun Town,မော်လမြိုင်ကျွန်း,95.26298,16.37894
MMR017,Ayeyarwady,MMR017D002,Hinthada,MMR017011,Myanaung,MMR017011703,In Pin Town,အင်ပင်,95.269,18.0935
MMR017,Ayeyarwady,MMR017D002,Hinthada,MMR017011,Myanaung,MMR017011702,Kanaung Town,ကနောင်,95.38137,18.21566
MMR017,Ayeyarwady,MMR017D002,Hinthada,MMR017011,Myanaung,MMR017011701,Myanaung Town,မြန်အောင်,95.31779,18.28696
MMR017,Ayeyarwady,MMR017D003,Myaungmya,MMR017014,Myaungmya,MMR017014701,Myaungmya Town,မြောင်းမြ,94.92977,16.59926
MMR017,Ayeyarwady,MMR017D001,Pathein,MMR017004,Ngapudaw,MMR017004703,Hainggyikyun Town,ဟိုင်းကြီးကျွန်း,94.34411,16.01602
MMR017,Ayeyarwady,MMR017D001,Pathein,MMR017004,Ngapudaw,MMR017004701,Ngapudaw Town,ငပုတော,94.69224,16.5431
MMR017,Ayeyarwady,MMR017D001,Pathein,MMR017004,Ngapudaw,MMR017004702,Ngayokekaung Town,ငရုတ်ကောင်း,94.3019,16.52089
MMR017,Ayeyarwady,MMR017D005,Maubin,MMR017021,Nyaungdon,MMR017021701,Nyaungdon Town,ညောင်တုန်း,95.63359,17.04903
MMR017,Ayeyarwady,MMR017D005,Maubin,MMR017020,Pantanaw,MMR017020701,Pantanaw Town,ပန်းတနော်,95.46595,16.98212
MMR017,Ayeyarwady,MMR017D001,Pathein,MMR017001,Pathein,MMR017001704,Chaung Thar Town,ချောင်းသာ,94.4447,16.9597
MMR017,Ayeyarwady,MMR017D001,Pathein,MMR017001,Pathein,MMR017001703,Ngwesaung Town,ငွေဆောင်,94.38711,16.86379
MMR017,Ayeyarwady,MMR017D001,Pathein,MMR017001,Pathein,MMR017001701,Pathein Town,ပုသိမ်,94.73303,16.77924
MMR017,Ayeyarwady,MMR017D001,Pathein,MMR017001,Pathein,MMR017001702,Shwethaungyan Town,ရွှေသောင်ယံ,94.46133,17.07674
MMR017,Ayeyarwady,MMR017D006,Pyapon,MMR017023,Pyapon,MMR017023702,Ahmar Town,အမာ,95.29017,15.7994
MMR017,Ayeyarwady,MMR017D006,Pyapon,MMR017023,Pyapon,MMR017023701,Pyapon Town,ဖျာပုံ,95.68019,16.29161
MMR017,Ayeyarwady,MMR017D001,Pathein,MMR017003,Thabaung,MMR017003701,Thabaung Town,သာပေါင်း,94.80589,17.04734
MMR017,Ayeyarwady,MMR017D003,Myaungmya,MMR017017,Wakema,MMR017017702,Kyonmangae Town,ကျုံမငေး,95.1319,16.43803
MMR017,Ayeyarwady,MMR017D003,Myaungmya,MMR017017,Wakema,MMR017017701,Wakema Town,ဝါးခယ်မ,95.18041,16.60383
MMR017,Ayeyarwady,MMR017D001,Pathein,MMR017006,Yegyi,MMR017006703,Ahthoke Town,အသုတ်,95.08331,17.19974
MMR017,Ayeyarwady,MMR017D001,Pathein,MMR017006,Yegyi,MMR017006702,Ngathaingchaung Town,ငသိုင်းချောင်း,95.07731,17.39927
MMR017,Ayeyarwady,MMR017D001,Pathein,MMR017006,Yegyi,MMR017006701,Yegyi Town,ရေကြည်,95.12067,17.34456
MMR017,Ayeyarwady,MMR017D002,Hinthada,MMR017009,Zalun,MMR017009701,Zalun Town,ဇလွန်,95.55666,17.4781
MMR007,Bago (East),MMR007D001,Bago,MMR007001,Bago,MMR007001701,Bago Town,ပဲခူး,96.48389,17.33583
MMR007,Bago (East),MMR007D001,Bago,MMR007001,Bago,MMR007001702,Hpayargyi Town,ဘုရားကြီး,96.52654,17.47538
MMR007,Bago (East),MMR007D001,Bago,MMR007001,Bago,MMR007001703,Inntakaw Town,အင်းတကော်,96.37637,17.18087
MMR007,Bago (East),MMR007D001,Bago,MMR007007,Daik-U,MMR007007701,Daik-U Town,ဒိုက်ဦး,96.66969,17.78967
MMR007,Bago (East),MMR007D001,Bago,MMR007003,Kawa,MMR007003701,Kawa Town,ကဝ,96.46632,17.08967
MMR007,Bago (East),MMR007D001,Bago,MMR007003,Kawa,MMR007003702,Thetkala Town,သက္ကလ,96.59657,17.02939
MMR007,Bago (East),MMR007D002,Taungoo,MMR007011,Kyaukkyi,MMR007011701,Kyaukkyi Town,ကျောက်ကြီး,96.76862,18.32764
MMR007,Bago (East),MMR007D001,Bago,MMR007006,Kyauktaga,MMR007006703,Hpa Do Town,ဖဒို,96.5549,18.0377
MMR007,Bago (East),MMR007D001,Bago,MMR007006,Kyauktaga,MMR007006701,Kyauktaga Town,ကျောက်တံခါး,96.61391,18.15867
MMR007,Bago (East),MMR007D001,Bago,MMR007006,Kyauktaga,MMR007006702,Penwegon Town,ပဲနွယ်ကုန်း,96.56886,18.22271
MMR007,Bago (East),MMR007D001,Bago,MMR007005,Nyaunglebin,MMR007005702,Madauk Town,မဒေါက်,96.84535,17.91491
MMR007,Bago (East),MMR007D001,Bago,MMR007005,Nyaunglebin,MMR007005701,Nyaunglebin Town,ညောင်လေးပင်,96.72151,17.95323
MMR007,Bago (East),MMR007D001,Bago,MMR007005,Nyaunglebin,MMR007005704,Peinzalok Town,ပိန်းဇလုပ်,96.66836,18.0699
MMR007,Bago (East),MMR007D001,Bago,MMR007005,Nyaunglebin,MMR007005703,Pyuntasa Town,ပြွန်တန်ဆာ,96.71597,17.87517
MMR007,Bago (East),MMR007D002,Taungoo,MMR007013,Oktwin,MMR007013702,Kywe Pwe Town,ကျွဲပွဲ,96.4099,18.7
MMR007,Bago (East),MMR007D002,Taungoo,MMR007013,Oktwin,MMR007013701,Oktwin Town,အုတ်တွင်း,96.41363,18.83293
MMR007,Bago (East),MMR007D002,Taungoo,MMR007012,Phyu,MMR007012702,Kanyutkwin Town,ကညွတ်ကွင်း,96.49218,18.3404
MMR007,Bago (East),MMR007D002,Taungoo,MMR007012,Phyu,MMR007012701,Phyu Town,ဖြူး,96.43572,18.48438
MMR007,Bago (East),MMR007D002,Taungoo,MMR007012,Phyu,MMR007012703,Zayyawadi Town,ဇေယျ၀တီ,96.43084,18.54097
MMR007,Bago (East),MMR007D001,Bago,MMR007008,Shwegyin,MMR007008701,Shwegyin Town,ရွှေကျင်,96.87767,17.92304
MMR007,Bago (East),MMR007D002,Taungoo,MMR007009,Taungoo,MMR007009702,Kaytumati Town,ကေတုမတီ,96.40357,19.01432
MMR007,Bago (East),MMR007D002,Taungoo,MMR007009,Taungoo,MMR007009701,Taungoo Town,တောင်ငူ,96.43314,18.93953
MMR007,Bago (East),MMR007D001,Bago,MMR007002,Thanatpin,MMR007002701,Thanatpin Town,သနပ်ပင်,96.57664,17.28903
MMR007,Bago (East),MMR007D001,Bago,MMR007004,Waw,MMR007004701,Waw Town,ဝေါ,96.68234,17.4836
MMR007,Bago (East),MMR007D002,Taungoo,MMR007010,Yedashe,MMR007010702,Hswar Town,ဆွာ,96.29072,19.26498
MMR007,Bago (East),MMR007D002,Taungoo,MMR007010,Yedashe,MMR007010704,Myo Hla Town,မြို့လှ,96.26628,19.40442
MMR007,Bago (East),MMR007D002,Taungoo,MMR007010,Yedashe,MMR007010703,Yae Ni Town,ရေနီ,96.26804,19.47438
MMR007,Bago (East),MMR007D002,Taungoo,MMR007010,Yedashe,MMR007010701,Yedashe Town,ရေတာရှည်,96.34234,19.15693
MMR008,Bago (West),MMR008D002,Thayarwady,MMR008014,Gyobingauk,MMR008014701,Gyobingauk Town,ကြို့ပင်ကောက်,95.65259,18.22989
MMR008,Bago (West),MMR008D002,Thayarwady,MMR008008,Letpadan,MMR008008701,Letpadan Town,လက်ပံတန်း,95.74529,17.779
MMR008,Bago (West),MMR008D002,Thayarwady,MMR008009,Minhla,MMR008009701,Minhla Town,မင်းလှ,95.70905,17.97389
MMR008,Bago (West),MMR008D002,Thayarwady,MMR008009,Minhla,MMR008009702,Sit Kwin Town,စစ်ကွင်း,95.7232,17.8941
MMR008,Bago (West),MMR008D002,Thayarwady,MMR008013,Monyo,MMR008013701,Monyo Town,မိုးညို,95.51185,18.02719
MMR008,Bago (West),MMR008D002,Thayarwady,MMR008012,Nattalin,MMR008012701,Nattalin Town,နတ်တလင်း,95.54731,18.42753
MMR008,Bago (West),MMR008D002,Thayarwady,MMR008012,Nattalin,MMR008012702,Tar Pun Town,တာပွန်,95.4549,18.361
MMR008,Bago (West),MMR008D002,Thayarwady,MMR008010,Okpho,MMR008010702,Oe Thei Kone Town,အိုးသည်ကုန်း,95.6935,18.0432
MMR008,Bago (West),MMR008D002,Thayarwady,MMR008010,Okpho,MMR008010701,Okpho Town,အုတ်ဖို,95.67177,18.13022
MMR008,Bago (West),MMR008D001,Pyay,MMR008003,Padaung,MMR008003702,Oakshitpin Town,ဥရှစ်ပင်,95.01383,18.68519
MMR008,Bago (West),MMR008D001,Pyay,MMR008003,Padaung,MMR008003701,Padaung Town,ပန်းတောင်း,95.15353,18.71797
MMR008,Bago (West),MMR008D001,Pyay,MMR008002,Paukkhaung,MMR008002701,Paukkhaung Town,ပေါက်ခေါင်း,95.54819,18.9028
MMR008,Bago (West),MMR008D001,Pyay,MMR008004,Paungde,MMR008004701,Paungde Town,ပေါင်းတည်,95.50721,18.48947
MMR008,Bago (West),MMR008D001,Pyay,MMR008001,Pyay,MMR008001702,Paungdale Town,ပေါင်းတလည်,95.38459,18.84968
MMR008,Bago (West),MMR008D001,Pyay,MMR008001,Pyay,MMR008001701,Pyay Town,ပြည်,95.22103,18.82151
MMR008,Bago (West),MMR008D001,Pyay,MMR008006,Shwedaung,MMR008006701,Shwedaung Town,ရွှေတောင်,95.21404,18.7051
MMR008,Bago (West),MMR008D002,Thayarwady,MMR008007,Thayarwady,MMR008007701,Thayarwady Town,သာယာဝတီ,95.78629,17.65441
MMR008,Bago (West),MMR008D002,Thayarwady,MMR008007,Thayarwady,MMR008007702,Thonse Town,သုံးဆယ်,95.78985,17.62988
MMR008,Bago (West),MMR008D001,Pyay,MMR008005,Thegon,MMR008005703,Inn Ma Town,အင်းမ,95.34904,18.52806
MMR008,Bago (West),MMR008D001,Pyay,MMR008005,Thegon,MMR008005702,Puteekone Town,ပုတီးကုန်း,95.45645,18.57236
MMR008,Bago (West),MMR008D001,Pyay,MMR008005,Thegon,MMR008005704,Sin Mee Swea Town,ဆင်မြီးဆွဲ,95.3594,18.7369
MMR008,Bago (West),MMR008D001,Pyay,MMR008005,Thegon,MMR008005701,Thegon Town,သဲကုန်း,95.41721,18.64698
MMR008,Bago (West),MMR008D002,Thayarwady,MMR008011,Zigon,MMR008011701,Zigon Town,ဇီးကုန်း,95.62304,18.33846
MMR004,Chin,MMR004D001,Falam,MMR004001,Falam,MMR004001701,Falam Town,ဖလမ်း,93.68034,22.91105
MMR004,Chin,MMR004D001,Falam,MMR004001,Falam,MMR004001702,Rihkhawdar Town,ရိခေါ်ဒါရ်,93.38869,23.36097
MMR004,Chin,MMR004D001,Falam,MMR004001,Falam,MMR004001703,Webula Town,ဝေဘူလ,93.9133,23.0168
MMR004,Chin,MMR004D003,Hakha,MMR004002,Hakha,MMR004002701,Hakha Town,ဟားခါး,93.60483,22.64011
MMR004,Chin,MMR004D003,Hakha,MMR004002,Hakha,MMR004002702,Surkhua Town,ဆူရ်ခွား,93.63416,22.25553
MMR004,Chin,MMR004D002,Mindat,MMR004008,Kanpetlet,MMR004008701,Kanpetlet Town,ကန်ပက်လက်,94.05666,21.19337
MMR004,Chin,MMR004D002,Mindat,MMR004008,Kanpetlet,MMR004008702,Kyin Dway Town,ကျင်ဒွေး,93.8382,20.973
MMR004,Chin,MMR004D004,Matupi,MMR004007,Matupi,MMR004007703,Lalengpi Town,လိုင်လင်းပီ,93.1143,21.9592
MMR004,Chin,MMR004D004,Matupi,MMR004007,Matupi,MMR004007701,Matupi Town,မတူပီ,93.44086,21.60475
MMR004,Chin,MMR004D004,Matupi,MMR004007,Matupi,MMR004007702,Rezua Town,ရေဇွာ,93.40857,22.05289
MMR004,Chin,MMR004D002,Mindat,MMR004006,Mindat,MMR004006701,Mindat Town,မင်းတပ်,93.97365,21.37176
MMR004,Chin,MMR004D002,Mindat,MMR004006,Mindat,MMR004006702,M'kuiimnu Town,မကွီအိမ်နူး,93.5945,21.1727
MMR004,Chin,MMR004D004,Matupi,MMR004009,Paletwa,MMR004009701,Paletwa Town,ပလက်ဝ,92.85461,21.30441
MMR004,Chin,MMR004D004,Matupi,MMR004009,Paletwa,MMR004009702,Samee Town,ဆမီး,93.09649,21.29333
MMR004,Chin,MMR004D001,Falam,MMR004004,Tedim,MMR004004702,Khaikam Town,ခိုင်ကမ်း,93.9551,23.2175
MMR004,Chin,MMR004D001,Falam,MMR004004,Tedim,MMR004004701,Tedim Town,တီးတိန်,93.65619,23.37058
MMR004,Chin,MMR004D003,Hakha,MMR004003,Thantlang,MMR004003702,Hnaring Town,နှာဟရိန်,93.4361,22.1898
MMR004,Chin,MMR004D003,Hakha,MMR004003,Thantlang,MMR004003701,Thantlang Town,ထန်တလန်,93.4278,22.69843
MMR004,Chin,MMR004D001,Falam,MMR004005,Tonzang,MMR004005702,Cikha Town,ကျီခါး,93.53347,23.88976
MMR004,Chin,MMR004D001,Falam,MMR004005,Tonzang,MMR004005701,Tonzang Town,တွန်းဇန်,93.69175,23.60306
MMR001,Kachin,MMR001D003,Bhamo,MMR001010,Bhamo,MMR001010701,Bhamo Town,ဗန်းမော်,97.23441,24.25493
MMR001,Kachin,MMR001D001,Myitkyina,MMR001005,Chipwi,MMR001005701,Chipwi Town,ချီဖွေ,98.12976,25.88635
MMR001,Kachin,MMR001D001,Myitkyina,MMR001005,Chipwi,MMR001005702,Pang War Town,ပန်ဝါ,98.37863,25.59866
MMR001,Kachin,MMR001D002,Mohnyin,MMR001009,Hpakant,MMR001009701,Hpakant Town,ဖားကန့်,96.31212,25.6128
MMR001,Kachin,MMR001D002,Mohnyin,MMR001009,Hpakant,MMR001009702,Kamaing Town,ကာမိုင်း,96.71153,25.5226
MMR001,Kachin,MMR001D001,Myitkyina,MMR001003,Injangyang,MMR001003701,Injangyang Town,အင်ဂျန်းယန်,97.72671,25.82991
MMR001,Kachin,MMR001D004,Puta-O,MMR001018,Khaunglanhpu,MMR001018701,Khaunglanhpu Town,ခေါင်လန်ဖူး,98.36034,27.06043
MMR001,Kachin,MMR001D004,Puta-O,MMR001016,Machanbaw,MMR001016701,Machanbaw Town,မချမ်းဘော,97.58937,27.28395
MMR001,Kachin,MMR001D003,Bhamo,MMR001013,Mansi,MMR001013701,Mansi Town,မံစီ,97.29311,24.11962
MMR001,Kachin,MMR001D002,Mohnyin,MMR001008,Mogaung,MMR001008701,Mogaung Town,မိုးကောင်း,96.94038,25.30274
MMR001,Kachin,MMR001D002,Mohnyin,MMR001008,Mogaung,MMR001008702,Nammatee Town,နမ္မတီး,97.00896,25.37835
MMR001,Kachin,MMR001D002,Mohnyin,MMR001007,Mohnyin,MMR001007702,Hopin Town,ဟိုပင်,96.53019,24.99183
MMR001,Kachin,MMR001D002,Mohnyin,MMR001007,Mohnyin,MMR001007703,Inn Taw Gyi Town,အင်းတော်ကြီး,96.2876,25.0929
MMR001,Kachin,MMR001D002,Mohnyin,MMR001007,Mohnyin,MMR001007701,Mohnyin Town,မိုးညှင်း,96.36493,24.77711
MMR001,Kachin,MMR001D002,Mohnyin,MMR001007,Mohnyin,MMR001007705,Nam Mar Town,နန်းမား,96.43625,24.87399
MMR001,Kachin,MMR001D002,Mohnyin,MMR001007,Mohnyin,MMR001007704,Nam Mun Town,နန့်မွန်း,96.3548,25.0047
MMR001,Kachin,MMR001D003,Bhamo,MMR001012,Momauk,MMR001012703,Dawthponeyan Town,ဒေါ့ဖုန်းယန်,97.46127,24.61398
MMR001,Kachin,MMR001D003,Bhamo,MMR001012,Momauk,MMR001012702,Lwegel Town,လွယ်ဂျယ်,97.72077,24.19932
MMR001,Kachin,MMR001D003,Bhamo,MMR001012,Momauk,MMR001012701,Momauk Town,မိုးမောက်,97.34653,24.25095
MMR001,Kachin,MMR001D001,Myitkyina,MMR001001,Myitkyina,MMR001001701,Myitkyina Town,မြစ်ကြီးနား,97.39036,25.38749
MMR001,Kachin,MMR001D001,Myitkyina,MMR001001,Myitkyina,MMR001001702,Sinbo Town,ဆင်ဘို,97.03917,24.77923
MMR001,Kachin,MMR001D004,Puta-O,MMR001017,Nawngmun,MMR001017701,Nawngmun Town,နောင်မွန်း,97.81785,27.50532
MMR001,Kachin,MMR001D004,Puta-O,MMR001017,Nawngmun,MMR001017702,Pannandin Town,ပန်နန်းဒင်,97.87662,27.7281
MMR001,Kachin,MMR001D004,Puta-O,MMR001014,Puta-O,MMR001014701,Puta-O Town,ပူတာအို,97.4159,27.29934
MMR001,Kachin,MMR001D003,Bhamo,MMR001011,Shwegu,MMR001011702,Myo Hla Town,မြို့လှ,96.65522,24.47856
MMR001,Kachin,MMR001D003,Bhamo,MMR001011,Shwegu,MMR001011701,Shwegu Town,ရွှေကူ,96.80606,24.20695
MMR001,Kachin,MMR001D004,Puta-O,MMR001015,Sumprabum,MMR001015701,Sumprabum Town,ဆွမ်ပရာဘွမ်,97.5677,26.54373
MMR001,Kachin,MMR001D001,Myitkyina,MMR001004,Tanai,MMR001004702,Shin Bway Yang Town,ရှင်ဗွေယန်,96.2094,26.69478
MMR001,Kachin,MMR001D001,Myitkyina,MMR001004,Tanai,MMR001004701,Tanai Town,တနိုင်း,96.71655,26.35797
MMR001,Kachin,MMR001D001,Myitkyina,MMR001006,Tsawlaw,MMR001006701,Tsawlaw Town,ဆော့လော်,98.27049,26.15419
MMR001,Kachin,MMR001D001,Myitkyina,MMR001002,Waingmaw,MMR001002703,Kan Paik Ti Town,ကန်ပိုက်တီ,98.11739,25.40319
MMR001,Kachin,MMR001D001,Myitkyina,MMR001002,Waingmaw,MMR001002702,Sadung Town,ဆဒုံး,97.89996,25.39709
MMR001,Kachin,MMR001D001,Myitkyina,MMR001002,Waingmaw,MMR001002701,Waingmaw Town,ဝိုင်းမော်,97.44281,25.35099
MMR002,Kayah,MMR002D002,Bawlake,MMR002005,Bawlake,MMR002005701,Bawlake Town,ဘောလခဲ,97.34284,19.17256
MMR002,Kayah,MMR002D002,Bawlake,MMR002005,Bawlake,MMR002005702,Ywarthit Town,ရွာသစ်,97.4995,19.16673
MMR002,Kayah,MMR002D001,Loikaw,MMR002002,Demoso,MMR002002701,Demoso Town,ဒီးမော့ဆို,97.15881,19.53832
MMR002,Kayah,MMR002D001,Loikaw,MMR002002,Demoso,MMR002002702,Nan Mei Khon Town,နန်းမယ်ခုံ,97.1091,19.6696
MMR002,Kayah,MMR002D002,Bawlake,MMR002006,Hpasawng,MMR002006701,Hpasawng Town,ဖားဆောင်း,97.31592,18.87063
MMR002,Kayah,MMR002D001,Loikaw,MMR002003,Hpruso,MMR002003701,Hpruso Town,ဖရူဆို,97.12799,19.41387
MMR002,Kayah,MMR002D001,Loikaw,MMR002001,Loikaw,MMR002001701,Loikaw Town,လွိုင်ကော်,97.20993,19.67424
MMR002,Kayah,MMR002D001,Loikaw,MMR002001,Loikaw,MMR002001702,Loilen Lay Town,လွိုင်လင်လေး,97.2318,19.8777
MMR002,Kayah,MMR002D002,Bawlake,MMR002007,Mese,MMR002007701,Mese Town,မယ်စဲ,97.66277,18.67246
MMR002,Kayah,MMR002D001,Loikaw,MMR002004,Shadaw,MMR002004701,Shadaw Town,ရှားတော,97.52073,19.63174
MMR003,Kayin,MMR003D001,Hpa-An,MMR003002,Hlaingbwe,MMR003002701,Hlaingbwe Town,လှိုင်းဘွဲ့,97.81871,17.12574
MMR003,Kayin,MMR003D001,Hpa-An,MMR003002,Hlaingbwe,MMR003002702,Paingkyon Town,ပိုင်ကျုံ,97.98597,17.0217
MMR003,Kayin,MMR003D001,Hpa-An,MMR003002,Hlaingbwe,MMR003002703,Shan Ywar Thit Town,ရှမ်းရွာသစ်,97.88778,17.42438
MMR003,Kayin,MMR003D001,Hpa-An,MMR003001,Hpa-An,MMR003001701,Hpa-An Town,ဘားအံ,97.63691,16.88076
MMR003,Kayin,MMR003D004,Hpapun,MMR003003,Hpapun,MMR003003701,Hpapun Town,ဖာပွန်,97.44321,18.06306
MMR003,Kayin,MMR003D004,Hpapun,MMR003003,Hpapun,MMR003003702,Kamarmaung Town,ကမမောင်း,97.6529,17.34688
MMR003,Kayin,MMR003D003,Kawkareik,MMR003006,Kawkareik,MMR003006701,Kawkareik Town,ကော့ကရိတ်,98.23996,16.55553
MMR003,Kayin,MMR003D003,Kawkareik,MMR003006,Kawkareik,MMR003006702,Kyondoe Town,ကျုံဒိုး,98.04353,16.59446
MMR003,Kayin,MMR003D003,Kawkareik,MMR003007,Kyainseikgyi,MMR003007702,Hpayarthonesu Town,ဘုရားသုံးဆူ,98.37808,15.30444
MMR003,Kayin,MMR003D003,Kawkareik,MMR003007,Kyainseikgyi,MMR003007703,Kyaikdon Town,ကျိုက်ဒုံ,98.39268,16.00253
MMR003,Kayin,MMR003D003,Kawkareik,MMR003007,Kyainseikgyi,MMR003007701,Kyainseikgyi Town,ကြာအင်းဆိပ်ကြီး,98.12322,16.04079
MMR003,Kayin,MMR003D002,Myawaddy,MMR003005,Myawaddy,MMR003005701,Myawaddy Town,မြဝတီ,98.51304,16.68868
MMR003,Kayin,MMR003D002,Myawaddy,MMR003005,Myawaddy,MMR003005702,Su Ka Li Town,စုကလိ,98.59621,16.15439
MMR003,Kayin,MMR003D002,Myawaddy,MMR003005,Myawaddy,MMR003005703,Waw Lay Myaing (Waw Lay) Town,,98.71324,16.29392
MMR003,Kayin,MMR003D001,Hpa-An,MMR003004,Thandaunggyi,MMR003004704,Baw Ga Li Town,ဘောဂလိ,96.78565,18.91451
MMR003,Kayin,MMR003D001,Hpa-An,MMR003004,Thandaunggyi,MMR003004703,Leik Tho Town,လိပ်သို,96.58097,19.22235
MMR003,Kayin,MMR003D001,Hpa-An,MMR003004,Thandaunggyi,MMR003004702,Thandaung Town,သံတောင်,96.58266,19.02175
MMR003,Kayin,MMR003D001,Hpa-An,MMR003004,Thandaunggyi,MMR003004701,Thandaunggyi Town,သံတောင်ကြီး,96.67547,19.07339
MMR009,Magway,MMR009D003,Thayet,MMR009016,Aunglan,MMR009016701,Aunglan Town,အောင်လံ,95.21684,19.35855
MMR009,Magway,MMR009D001,Magway,MMR009003,Chauk,MMR009003701,Chauk Town,ချောက်,94.81829,20.89098
MMR009,Magway,MMR009D001,Magway,MMR009003,Chauk,MMR009003702,Sa Lay Town,စလေ,94.7424,20.8338
MMR009,Magway,MMR009D005,Gangaw,MMR009023,Gangaw,MMR009023701,Gangaw Town,ဂန့်ဂေါ,94.13582,22.17421
MMR009,Magway,MMR009D005,Gangaw,MMR009023,Gangaw,MMR009023702,Kyaw Town,ကျော,94.35789,21.92737
MMR009,Magway,MMR009D003,Thayet,MMR009015,Kamma,MMR009015701,Kamma Town,ကံမ,95.09594,19.02897
MMR009,Magway,MMR009D001,Magway,MMR009001,Magway,MMR009001701,Magway Town,မကွေး,94.92696,20.14027
MMR009,Magway,MMR009D002,Minbu,MMR009007,Minbu,MMR009007701,Minbu Town,မင်းဘူး,94.87518,20.17161
MMR009,Magway,MMR009D002,Minbu,MMR009007,Minbu,MMR009007702,Saku Town,စကု,94.76831,20.22609
MMR009,Magway,MMR009D003,Thayet,MMR009014,Mindon,MMR009014701,Mindon Town,မင်းတုန်း,94.73233,19.35131
MMR009,Magway,MMR009D003,Thayet,MMR009013,Minhla,MMR009013701,Minhla Town,မင်းလှ,95.0367,19.96559
MMR009,Magway,MMR009D004,Pakokku,MMR009020,Myaing,MMR009020701,Myaing Town,မြိုင်,94.85432,21.61256
MMR009,Magway,MMR009D001,Magway,MMR009005,Myothit,MMR009005701,Myothit Town,မြို့သစ်,95.44692,20.19919
MMR009,Magway,MMR009D001,Magway,MMR009006,Natmauk,MMR009006701,Natmauk Town,နတ်မောက်,95.39966,20.35339
MMR009,Magway,MMR009D002,Minbu,MMR009009,Ngape,MMR009009701,Ngape Town,ငဖဲ,94.46767,20.07538
MMR009,Magway,MMR009D004,Pakokku,MMR009018,Pakokku,MMR009018702,Kamma Town,ကမ္မ,94.81558,21.38358
MMR009,Magway,MMR009D004,Pakokku,MMR009018,Pakokku,MMR009018703,Myit Chay Town,မြစ်ခြေ,94.8511,21.2454
MMR009,Magway,MMR009D004,Pakokku,MMR009018,Pakokku,MMR009018701,Pakokku Town,ပခုက္ကူ,95.08227,21.335
MMR009,Magway,MMR009D004,Pakokku,MMR009021,Pauk,MMR009021701,Pauk Town,ပေါက်,94.47374,21.45215
MMR009,Magway,MMR009D002,Minbu,MMR009008,Pwintbyu,MMR009008701,Pwintbyu Town,ပွင့်ဖြူ,94.66933,20.36334
MMR009,Magway,MMR009D002,Minbu,MMR009010,Salin,MMR009010701,Salin Town,စလင်း,94.65936,20.5772
MMR009,Magway,MMR009D002,Minbu,MMR009010,Salin,MMR009010702,Sinphyukyun Town,ဆင်ဖြူကျွန်း,94.6929,20.6642
MMR009,Magway,MMR009D005,Gangaw,MMR009025,Saw,MMR009025702,Kyaukhtu Town,ကျောက်ထု,94.136,21.406
MMR009,Magway,MMR009D005,Gangaw,MMR009025,Saw,MMR009025701,Saw Town,ဆော,94.15466,21.15224
MMR009,Magway,MMR009D004,Pakokku,MMR009022,Seikphyu,MMR009022701,Seikphyu Town,ဆိပ်ဖြူ,94.79243,20.90651
MMR009,Magway,MMR009D002,Minbu,MMR009011,Sidoktaya,MMR009011701,Sidoktaya Town,စေတုတ္ထရာ,94.24559,20.4466
MMR009,Magway,MMR009D003,Thayet,MMR009017,Sinbaungwe,MMR009017701,Sinbaungwe Town,ဆင်ပေါင်ဝဲ,95.16186,19.72292
MMR009,Magway,MMR009D001,Magway,MMR009004,Taungdwingyi,MMR009004701,Taungdwingyi Town,တောင်တွင်းကြီး,95.54614,20.00187
MMR009,Magway,MMR009D003,Thayet,MMR009012,Thayet,MMR009012701,Thayet Town,သရက်,95.17716,19.3215
MMR009,Magway,MMR009D005,Gangaw,MMR009024,Tilin,MMR009024701,Tilin Town,ထီးလင်း,94.09278,21.69636
MMR009,Magway,MMR009D001,Magway,MMR009002,Yenangyaung,MMR009002701,Yenangyaung Town,ရေနံချောင်း,94.8731,20.45837
MMR009,Magway,MMR009D004,Pakokku,MMR009019,Yesagyo,MMR009019701,Yesagyo Town,ရေစကြို,95.2453,21.63388
MMR010,Mandalay,MMR010D001,Mandalay,MMR010006,Amarapura,MMR010006701,Amarapura Town,အမရပူရ,96.04948,21.90314
MMR010,Mandalay,MMR010D001,Mandalay,MMR010006,Amarapura,MMR010006702,Myitnge Town,မြစ်ငယ်,96.06856,21.85418
MMR010,Mandalay,MMR010D001,Mandalay,MMR010001,Aungmyaythazan,MMR010001701,Aungmyaythazan Town,အောင်မြေသာဇံ,96.09686,21.99321
MMR010,Mandalay,MMR010D001,Mandalay,MMR010002,Chanayethazan,MMR010002701,Chanayethazan Town,ချမ်းအေးသာဇံ,96.0946,21.97535
MMR010,Mandalay,MMR010D001,Mandalay,MMR010004,Chanmyathazi,MMR010004701,Chanmyathazi Town,ချမ်းမြသာစည်,96.09584,21.9394
MMR010,Mandalay,MMR010D005,Nyaung-U,MMR010020,Kyaukpadaung,MMR010020701,Kyaukpadaung Town,ကျောက်ပန်းတောင်း,95.13218,20.84248
MMR010,Mandalay,MMR010D003,Kyaukse,MMR010013,Kyaukse,MMR010013701,Kyaukse Town,ကျောက်ဆည်,96.13033,21.61325
MMR010,Mandalay,MMR010D002,Pyinoolwin,MMR010009,Madaya,MMR010009701,Madaya Town,မတ္တရာ,96.10639,22.21036
MMR010,Mandalay,MMR010D001,Mandalay,MMR010003,Mahaaungmyay,MMR010003701,Mahaaungmyay Town,မဟာအောင်မြေ,96.0946,21.97535
MMR010,Mandalay,MMR010D007,Meiktila,MMR010029,Mahlaing,MMR010029701,Mahlaing Town,မလှိုင်,95.64698,21.09867
MMR010,Mandalay,MMR010D007,Meiktila,MMR010028,Meiktila,MMR010028701,Meiktila Town,မိတ္ထီလာ,95.86311,20.88189
MMR010,Mandalay,MMR010D002,Pyinoolwin,MMR010011,Mogoke,MMR010011701,Mogoke Town,မိုးကုတ်,96.5054,22.92139
MMR010,Mandalay,MMR010D004,Myingyan,MMR010017,Myingyan,MMR010017701,Myingyan Town,မြင်းခြံ,95.39179,21.45745
MMR010,Mandalay,MMR010D004,Myingyan,MMR010017,Myingyan,MMR010017702,Si Mee Khon Town,ဆီမီးခုံ,95.4221,21.735
MMR010,Mandalay,MMR010D003,Kyaukse,MMR010015,Myittha,MMR010015702,Ku Me Town,ကူမဲ,96.1603,21.3583
MMR010,Mandalay,MMR010D003,Kyaukse,MMR010015,Myittha,MMR010015701,Myittha Town,မြစ်သား,96.13086,21.42427
MMR010,Mandalay,MMR010D004,Myingyan,MMR010019,Natogyi,MMR010019701,Natogyi Town,နွားထိုးကြီး,95.6545,21.4237
MMR010,Mandalay,MMR010D004,Myingyan,MMR010021,Ngazun,MMR010021701,Ngazun Town,ငါန်းဇွန်,95.68723,21.89846
MMR010,Mandalay,MMR010D005,Nyaung-U,MMR010022,Nyaung-U,MMR010022702,Bagan Town,ပုဂံ,94.86257,21.13197
MMR010,Mandalay,MMR010D005,Nyaung-U,MMR010022,Nyaung-U,MMR010022703,Ngathayauk Town,ငါ့သရောက်,95.13772,21.15058
MMR010,Mandalay,MMR010D005,Nyaung-U,MMR010022,Nyaung-U,MMR010022701,Nyaung-U Town,ညောင်ဦး,94.91011,21.19543
MMR010,Mandalay,MMR010D001,Mandalay,MMR010007,Patheingyi,MMR010007701,Patheingyi Town,ပုသိမ်ကြီး,96.16465,22.00399
MMR010,Mandalay,MMR010D006,Yamethin,MMR010024,Pyawbwe,MMR010024701,Pyawbwe Town,ပျော်ဘွယ်,96.05094,20.59472
MMR010,Mandalay,MMR010D001,Mandalay,MMR010005,Pyigyitagon,MMR010005701,Pyigyitagon Town,ပြည်ကြီးတံခွန်,96.10418,21.90196
MMR010,Mandalay,MMR010D002,Pyinoolwin,MMR010008,Pyinoolwin,MMR010008701,Pyinoolwin Town,ပြင်ဦးလွင်,96.45634,22.01397
MMR010,Mandalay,MMR010D002,Pyinoolwin,MMR010010,Singu,MMR010010701,Singu Town,စဉ့်ကူး,95.99655,22.54838
MMR010,Mandalay,MMR010D003,Kyaukse,MMR010014,Sintgaing,MMR010014701,Sintgaing Town,စဉ့်ကိုင်,96.10611,21.73114
MMR010,Mandalay,MMR010D003,Kyaukse,MMR010016,Tada-U,MMR010016701,Tada-U Town,တံတားဦး,95.97069,21.8151
MMR010,Mandalay,MMR010D004,Myingyan,MMR010018,Taungtha,MMR010018701,Taungtha Town,တောင်သာ,95.44541,21.27603
MMR010,Mandalay,MMR010D002,Pyinoolwin,MMR010012,Thabeikkyin,MMR010012702,Takaung Town,တကောင်း,96.01367,23.50188
MMR010,Mandalay,MMR010D002,Pyinoolwin,MMR010012,Thabeikkyin,MMR010012701,Thabeikkyin Town,သပိတ်ကျင်း,95.97525,22.88593
MMR010,Mandalay,MMR010D007,Meiktila,MMR010030,Thazi,MMR010030701,Thazi Town,သာစည်,96.05838,20.85019
MMR010,Mandalay,MMR010D007,Meiktila,MMR010031,Wundwin,MMR010031701,Wundwin Town,ဝမ်းတွင်း,96.03001,21.09691
MMR010,Mandalay,MMR010D006,Yamethin,MMR010023,Yamethin,MMR010023701,Yamethin Town,ရမည်းသင်း,96.13747,20.4305
MMR011,Mon,MMR011D002,Thaton,MMR011010,Bilin,MMR011010701,Bilin Town,ဘီးလင်း,97.23931,17.21987
MMR011,Mon,MMR011D001,Mawlamyine,MMR011003,Chaungzon,MMR011003701,Chaungzon Town,ချောင်းဆုံ,97.55048,16.35125
MMR011,Mon,MMR011D001,Mawlamyine,MMR011002,Kyaikmaraw,MMR011002701,Kyaikmaraw Town,ကျိုက်မရော,97.72411,16.37045
MMR011,Mon,MMR011D002,Thaton,MMR011009,Kyaikto,MMR011009701,Kyaikto Town,ကျိုက်ထို,97.01989,17.31156
MMR011,Mon,MMR011D002,Thaton,MMR011009,Kyaikto,MMR011009702,Thein Za Yat Town,သိမ်ဇရပ်,96.884,17.5137
MMR011,Mon,MMR011D001,Mawlamyine,MMR011001,Mawlamyine,MMR011001701,Mawlamyine Town,မော်လမြိုင်,97.62593,16.48459
MMR011,Mon,MMR011D001,Mawlamyine,MMR011005,Mudon,MMR011005702,Kamarwet Town,ကမာ၀က်,97.73403,16.1409
MMR011,Mon,MMR011D001,Mawlamyine,MMR011005,Mudon,MMR011005701,Mudon Town,မုဒုံ,97.72478,16.25812
MMR011,Mon,MMR011D002,Thaton,MMR011008,Paung,MMR011008701,Paung Town,ပေါင်,97.45672,16.61679
MMR011,Mon,MMR011D002,Thaton,MMR011008,Paung,MMR011008702,Zinkyaik Town,ဇင်းကျိုက်,97.42371,16.69655
MMR011,Mon,MMR011D001,Mawlamyine,MMR011004,Thanbyuzayat,MMR011004702,Kyaikkhami Town,ကျိုက္ခမီ,97.5675,16.08
MMR011,Mon,MMR011D001,Mawlamyine,MMR011004,Thanbyuzayat,MMR011004701,Thanbyuzayat Town,သံဖြူဇရပ်,97.7333,15.9667
MMR011,Mon,MMR011D002,Thaton,MMR011007,Thaton,MMR011007701,Thaton Town,သထုံ,97.3678,16.9197
MMR011,Mon,MMR011D002,Thaton,MMR011007,Thaton,MMR011007702,Thuwunnawady Town,သုဝဏ္ဏဝတီ,97.30482,17.06022
MMR011,Mon,MMR011D001,Mawlamyine,MMR011006,Ye,MMR011006703,Khawzar Town,ခေါဇာ,97.82935,15.03752
MMR011,Mon,MMR011D001,Mawlamyine,MMR011006,Ye,MMR011006702,Lamaing Town,လမိုင်း,97.83215,15.50351
MMR011,Mon,MMR011D001,Mawlamyine,MMR011006,Ye,MMR011006701,Ye Town,ရေး,97.84935,15.24539
MMR018,Nay Pyi Taw,MMR018D002,Det Khi Na,MMR018004,Det Khi Na Thi Ri,MMR018004701,Det Khi Na Thi Ri Town,ဒက္ခိဏသီရိ,96.0905,19.70026
MMR018,Nay Pyi Taw,MMR018D002,Det Khi Na,MMR018007,Lewe,MMR018007701,Lewe Town,လယ်ဝေး,96.11007,19.63467
MMR018,Nay Pyi Taw,MMR018D001,Oke Ta Ra,MMR018008,Oke Ta Ra Thi Ri,MMR018008701,Oke Ta Ra Thi Ri Town,ဥတ္တရသီရိ,96.043,19.891
MMR018,Nay Pyi Taw,MMR018D001,Oke Ta Ra,MMR018005,Poke Ba Thi Ri,MMR018005701,Poke Ba Thi RiTown,ပုဗ္ဗသီရိ,96.18252,19.84383
MMR018,Nay Pyi Taw,MMR018D002,Det Khi Na,MMR018006,Pyinmana,MMR018006701,Pyinmana Town,ပျဉ်းမနား,96.20895,19.7361
MMR018,Nay Pyi Taw,MMR018D001,Oke Ta Ra,MMR018003,Tatkon,MMR018003701,Tatkon Town,တပ်ကုန်း,96.20297,20.13041
MMR018,Nay Pyi Taw,MMR018D002,Det Khi Na,MMR018002,Za Bu Thi Ri,MMR018002701,Za Bu Thi Ri Town,ဇမ္ဗူသီရိ,96.07261,19.76867
MMR018,Nay Pyi Taw,MMR018D001,Oke Ta Ra,MMR018001,Zay Yar Thi Ri,MMR018001701,Zay Yar Thi Ri Town,ဇေယျာသီရိ,96.309,19.862
MMR012,Rakhine,MMR012D003,Kyaukpyu,MMR012014,Ann,MMR012014701,Ann Town,အမ်း,94.04791,19.79537
MMR012,Rakhine,MMR012D003,Kyaukpyu,MMR012014,Ann,MMR012014702,Tat Taung Town,တပ်တောင်,93.9358,19.5682
MMR012,Rakhine,MMR012D002,Maungdaw,MMR012010,Buthidaung,MMR012010701,Buthidaung Town,ဘူးသီးတောင်,92.525,20.87498
MMR012,Rakhine,MMR012D004,Thandwe,MMR012017,Gwa,MMR012017701,Gwa Town,ဂွ,94.57996,17.59369
MMR012,Rakhine,MMR012D004,Thandwe,MMR012017,Gwa,MMR012017702,Kyeintali Town,ကျိန္တလီ,94.49141,18.00712
MMR012,Rakhine,MMR012D003,Kyaukpyu,MMR012011,Kyaukpyu,MMR012011701,Kyaukpyu Town,ကျောက်ဖြူ,93.5544,19.4239
MMR012,Rakhine,MMR012D003,Kyaukpyu,MMR012011,Kyaukpyu,MMR012011702,Sa Ne Town,စနဲ,93.7336,19.2166
MMR012,Rakhine,MMR012D005,Mrauk-U,MMR012004,Kyauktaw,MMR012004701,Kyauktaw Town,ကျောက်တော်,92.97282,20.84396
MMR012,Rakhine,MMR012D002,Maungdaw,MMR012009,Maungdaw,MMR012009703,Kha Maung Seik Town,ခမောင်းဆိပ်,92.27141,21.26554
MMR012,Rakhine,MMR012D002,Maungdaw,MMR012009,Maungdaw,MMR012009701,Maungdaw Town,မောင်တော,92.36776,20.81897
MMR012,Rakhine,MMR012D002,Maungdaw,MMR012009,Maungdaw,MMR012009704,Myin Hlut Town,မြင်းလွှတ်,92.50212,20.62786
MMR012,Rakhine,MMR012D002,Maungdaw,MMR012009,Maungdaw,MMR012009702,Taungpyoletwea Town,တောင်ပြိုလက်ဝဲ,92.20068,21.19991
MMR012,Rakhine,MMR012D005,Mrauk-U,MMR012005,Minbya,MMR012005701,Minbya Town,မင်းပြား,93.27269,20.36452
MMR012,Rakhine,MMR012D005,Mrauk-U,MMR012003,Mrauk-U,MMR012003701,Mrauk-U Town,မြောက်ဦး,93.18844,20.59185
MMR012,Rakhine,MMR012D003,Kyaukpyu,MMR012012,Munaung,MMR012012701,Munaung Town,မာန်အောင်,93.7215,18.85506
MMR012,Rakhine,MMR012D005,Mrauk-U,MMR012006,Myebon,MMR012006702,Kanhtauntkyi Town,ကမ်းထောင့်ကြီး,93.75902,19.85695
MMR012,Rakhine,MMR012D005,Mrauk-U,MMR012006,Myebon,MMR012006701,Myebon Town,မြေပုံ,93.37376,20.04676
MMR012,Rakhine,MMR012D001,Sittwe,MMR012007,Pauktaw,MMR012007701,Pauktaw Town,ပေါက်တော,93.06817,20.18098
MMR012,Rakhine,MMR012D001,Sittwe,MMR012002,Ponnagyun,MMR012002701,Ponnagyun Town,ပုဏ္ဏားကျွန်း,93.0043,20.33199
MMR012,Rakhine,MMR012D003,Kyaukpyu,MMR012013,Ramree,MMR012013702,Lay Taung Town,လေးတောင်,93.69485,19.03862
MMR012,Rakhine,MMR012D003,Kyaukpyu,MMR012013,Ramree,MMR012013701,Ramree Town,ရမ်းဗြဲ,93.85886,19.08769
MMR012,Rakhine,MMR012D001,Sittwe,MMR012008,Rathedaung,MMR012008701,Rathedaung Town,ရသေ့တောင်,92.75606,20.48215
MMR012,Rakhine,MMR012D001,Sittwe,MMR012001,Sittwe,MMR012001701,Sittwe Town,စစ်တွေ,92.88551,20.13727
MMR012,Rakhine,MMR012D004,Thandwe,MMR012015,Thandwe,MMR012015702,Ngapali Town,ငပလီ,94.3206,18.43755
MMR012,Rakhine,MMR012D004,Thandwe,MMR012015,Thandwe,MMR012015701,Thandwe Town,သံတွဲ,94.3677,18.4662
MMR012,Rakhine,MMR012D004,Thandwe,MMR012016,Toungup,MMR012016702,Ma-Ei Town,မအီ,94.13845,19.34234
MMR012,Rakhine,MMR012D004,Thandwe,MMR012016,Toungup,MMR012016703,Tan Hlwe Ywar Ma Town,တန်းလွဲရွာမ,94.12645,18.99829
MMR012,Rakhine,MMR012D004,Thandwe,MMR012016,Toungup,MMR012016701,Toungup Town,တောင်ကုတ်,94.23972,18.85353
MMR005,Sagaing,MMR005D003,Monywa,MMR005014,Ayadaw,MMR005014701,Ayadaw Town,အရာတော်,95.45068,22.28525
MMR005,Sagaing,MMR005D004,Katha,MMR005023,Banmauk,MMR005023701,Banmauk Town,ဗန်းမောက်,95.85767,24.39986
MMR005,Sagaing,MMR005D003,Monywa,MMR005013,Budalin,MMR005013701,Budalin Town,ဘုတလင်,95.14857,22.38918
MMR005,Sagaing,MMR005D003,Monywa,MMR005015,Chaung-U,MMR005015701,Chaung-U Town,ချောင်းဦး,95.27363,21.95693
MMR005,Sagaing,MMR005D008,Hkamti,MMR005033,Hkamti,MMR005033701,Hkamti Town,ခန္တီး,95.69547,25.99243
MMR005,Sagaing,MMR005D008,Hkamti,MMR005034,Homalin,MMR005034701,Homalin Town,ဟုမ္မလင်း,94.91088,24.8644
MMR005,Sagaing,MMR005D008,Hkamti,MMR005034,Homalin,MMR005034702,Shwe Pyi Aye Town,ရွှေပြည်အေး,94.73147,24.68344
MMR005,Sagaing,MMR005D004,Katha,MMR005021,Indaw,MMR005021701,Indaw Town,အင်းတော်,96.14167,24.22252
MMR005,Sagaing,MMR005D004,Katha,MMR005021,Indaw,MMR005021702,Maw Lu Town,မော်လူး,96.1796,24.4649
MMR005,Sagaing,MMR005D005,Kale,MMR005027,Kale,MMR005027701,Kale Town,ကလေး,94.02977,23.1933
MMR005,Sagaing,MMR005D005,Kale,MMR005028,Kalewa,MMR005028701,Kalewa Town,ကလေးဝ,94.30036,23.1998
MMR005,Sagaing,MMR005D010,Kanbalu,MMR005007,Kanbalu,MMR005007701,Kanbalu Town,ကန့်ဘလူ,95.51886,23.20305
MMR005,Sagaing,MMR005D010,Kanbalu,MMR005007,Kanbalu,MMR005007702,Zee Kone Town,ဇီးကုန်း,95.5636,22.9311
MMR005,Sagaing,MMR005D009,Yinmarbin,MMR005017,Kani,MMR005017701,Kani Town,ကနီ,94.84847,22.43291
MMR005,Sagaing,MMR005D004,Katha,MMR005020,Katha,MMR005020701,Katha Town,ကသာ,96.33167,24.18163
MMR005,Sagaing,MMR005D011,Kawlin,MMR005024,Kawlin,MMR005024701,Kawlin Town,ကောလင်း,95.68339,23.79026
MMR005,Sagaing,MMR005D002,Shwebo,MMR005005,Khin-U,MMR005005701,Khin-U Town,ခင်ဦး,95.62149,22.77016
MMR005,Sagaing,MMR005D010,Kanbalu,MMR005008,Kyunhla,MMR005008701,Kyunhla Town,ကျွန်းလှ,95.5321,23.31964
MMR005,Sagaing,MMR005D007,Mawlaik,MMR005031,Mawlaik,MMR005031701,Mawlaik Town,မော်လိုက်,94.41201,23.63512
MMR005,Sagaing,MMR005D005,Kale,MMR005029,Mingin,MMR005029701,Mingin Town,မင်းကင်း,94.4942,22.87781
MMR005,Sagaing,MMR005D003,Monywa,MMR005012,Monywa,MMR005012701,Monywa Town,မုံရွာ,95.13963,22.12168
MMR005,Sagaing,MMR005D001,Sagaing,MMR005003,Myaung,MMR005003701,Myaung Town,မြောင်,95.42425,21.83164
MMR005,Sagaing,MMR005D001,Sagaing,MMR005002,Myinmu,MMR005002701,Myinmu Town,မြင်းမူ,95.57157,21.92681
MMR005,Sagaing,MMR005D009,Yinmarbin,MMR005019,Pale,MMR005019701,Pale Town,ပုလဲ,94.87486,21.93415
MMR005,Sagaing,MMR005D007,Mawlaik,MMR005032,Paungbyin,MMR005032701,Paungbyin Town,ဖောင်းပြင်,94.81686,24.26768
MMR005,Sagaing,MMR005D011,Kawlin,MMR005026,Pinlebu,MMR005026701,Pinlebu Town,ပင်လည်ဘူး,95.37026,24.08089
MMR005,Sagaing,MMR005D001,Sagaing,MMR005001,Sagaing,MMR005001701,Sagaing Town,စစ်ကိုင်း,95.96231,21.88008
MMR005,Sagaing,MMR005D001,Sagaing,MMR005001,Sagaing,MMR005001702,Sar Taung Town,ဆားတောင်,95.7574,22.1639
MMR005,Sagaing,MMR005D009,Yinmarbin,MMR005018,Salingyi,MMR005018701,Salingyi Town,ဆားလင်းကြီး,95.08269,21.97363
MMR005,Sagaing,MMR005D002,Shwebo,MMR005004,Shwebo,MMR005004702,Kyauk Myaung Town,,95.94495,22.59329
MMR005,Sagaing,MMR005D002,Shwebo,MMR005004,Shwebo,MMR005004701,Shwebo Town,ရွှေဘို,95.69849,22.56996
MMR005,Sagaing,MMR005D002,Shwebo,MMR005010,Tabayin,MMR005010702,Saing Pyin Town,စိုင်ပြင်,95.2366,22.5561
MMR005,Sagaing,MMR005D002,Shwebo,MMR005010,Tabayin,MMR005010701,Tabayin Town,ဒီပဲယင်း,95.32121,22.68529
MMR005,Sagaing,MMR005D006,Tamu,MMR005030,Tamu,MMR005030703,Khampat Town,ခါမ်းပါတ်,94.14575,23.77977
MMR005,Sagaing,MMR005D006,Tamu,MMR005030,Tamu,MMR005030702,Myothit Town,မြို့သစ်,94.51857,24.51539
MMR005,Sagaing,MMR005D006,Tamu,MMR005030,Tamu,MMR005030701,Tamu Town,တမူး,94.31534,24.21149
MMR005,Sagaing,MMR005D002,Shwebo,MMR005011,Taze,MMR005011701,Taze Town,တန့်ဆည်,95.37361,22.94407
MMR005,Sagaing,MMR005D004,Katha,MMR005022,Tigyaing,MMR005022701,Tigyaing Town,ထီးချိုင့်,96.14833,23.75452
MMR005,Sagaing,MMR005D002,Shwebo,MMR005006,Wetlet,MMR005006701,Wetlet Town,ဝက်လက်,95.78812,22.36715
MMR005,Sagaing,MMR005D011,Kawlin,MMR005025,Wuntho,MMR005025701,Wuntho Town,ဝန်းသို,95.68193,23.89924
MMR005,Sagaing,MMR005D002,Shwebo,MMR005009,Ye-U,MMR005009701,Ye-U Town,ရေဦး,95.43049,22.76914
MMR005,Sagaing,MMR005D009,Yinmarbin,MMR005016,Yinmarbin,MMR005016701,Yinmarbin Town,ယင်းမာပင်,94.90014,22.07779
MMR016,Shan (East),MMR016D001,Kengtung,MMR016001,Kengtung,MMR016001701,Kengtung Town,ကျိုင်းတုံ,99.6036,21.29189
MMR016,Shan (East),MMR016D003,Tachileik,MMR016010,Monghpyak,MMR016010701,Monghpyak Town,မိုင်းဖြတ်,99.92333,20.87804
MMR016,Shan (East),MMR016D002,Monghsat,MMR016006,Monghsat,MMR016006701,Monghsat Town,မိုင်းဆတ်,99.24724,20.50544
MMR016,Shan (East),MMR016D002,Monghsat,MMR016006,Monghsat,MMR016006702,Mongkhoke Town,မိုင်းခုတ်,99.4636,20.74048
MMR016,Shan (East),MMR016D001,Kengtung,MMR016002,Mongkhet,MMR016002701,Mongkhet Town,မိုင်းခတ်,99.46377,21.7499
MMR016,Shan (East),MMR016D001,Kengtung,MMR016005,Mongla,MMR016005701,Mongla Town,မိုင်းလား,100.01867,21.6729
MMR016,Shan (East),MMR016D001,Kengtung,MMR016007,Mongping,MMR016007701,Mongping Town,မိုင်းပျဉ်း,99.026,21.3502
MMR016,Shan (East),MMR016D001,Kengtung,MMR016007,Mongping,MMR016007702,Tontar Town,တုံတာ,99.28781,21.33004
MMR016,Shan (East),MMR016D002,Monghsat,MMR016008,Mongton,MMR016008703,Hmone Hta Town,မုံးထ,98.56708,19.7979
MMR016,Shan (East),MMR016D002,Monghsat,MMR016008,Mongton,MMR016008701,Mongton Town,မိုင်းတုံ,98.90008,20.30351
MMR016,Shan (East),MMR016D002,Monghsat,MMR016008,Mongton,MMR016008702,Ponparkyin Town,ပုံပါကျင်,98.9382,19.8892
MMR016,Shan (East),MMR016D001,Kengtung,MMR016003,Mongyang,MMR016003701,Mongyang Town,မိုင်းယန်း,99.68711,21.84235
MMR016,Shan (East),MMR016D003,Tachileik,MMR016011,Mongyawng,MMR016011701,Mongyawng Town,မိုင်းယောင်း,100.3579,21.1807
MMR016,Shan (East),MMR016D003,Tachileik,MMR016011,Mongyawng,MMR016011702,Mongyu Town,မိုင်းယု,100.55082,21.32976
MMR016,Shan (East),MMR016D003,Tachileik,MMR016009,Tachileik,MMR016009702,Kenglat Town,ကျိုင်းလပ်,100.534,20.867
MMR016,Shan (East),MMR016D003,Tachileik,MMR016009,Tachileik,MMR016009701,Tachileik Town,တာချီလိတ်,99.88403,20.45304
MMR016,Shan (East),MMR016D003,Tachileik,MMR016009,Tachileik,MMR016009703,Tarlay Town,တာလေ,100.09307,20.71262
MMR015,Shan (North),MMR015D006,Hopang,MMR015021,Hopang,MMR015021701,Hopang Town,ဟိုပန်,98.75029,23.42544
MMR015,Shan (North),MMR015D006,Hopang,MMR015021,Hopang,MMR015021703,Pan Lon Town,ပန်လုံ,98.78571,23.25641
MMR015,Shan (North),MMR015D001,Lashio,MMR015002,Hseni,MMR015002701,Hseni Town,သိန္နီ,97.9736,23.3072
MMR015,Shan (North),MMR015D003,Kyaukme,MMR015014,Hsipaw,MMR015014701,Hsipaw Town,သီပေါ,97.2981,22.61894
MMR015,Shan (North),MMR015D005,Kokang Self-Administered Zone,MMR015023,Konkyan,MMR015023701,Konkyan Town,ကုန်းကြမ်း,98.53934,23.82946
MMR015,Shan (North),MMR015D005,Kokang Self-Administered Zone,MMR015023,Konkyan,MMR015023702,Maw Hteik Town,,98.79679,24.09412
MMR015,Shan (North),MMR015D001,Lashio,MMR015020,Kunlong,MMR015020701,Kunlong Town,ကွမ်းလုံ,98.65053,23.41645
MMR015,Shan (North),MMR015D002,Muse,MMR015011,Kutkai,MMR015011701,Kutkai Town,ကွတ်ခိုင်,97.94341,23.45921
MMR015,Shan (North),MMR015D002,Muse,MMR015011,Kutkai,MMR015011702,Tarmoenye Town,တာမိုးညဲ,98.09862,23.57597
MMR015,Shan (North),MMR015D003,Kyaukme,MMR015012,Kyaukme,MMR015012701,Kyaukme Town,ကျောက်မဲ,97.03671,22.54172
MMR015,Shan (North),MMR015D003,Kyaukme,MMR015012,Kyaukme,MMR015012703,Monglon Town,မိုင်းလုံ,96.62431,22.7908
MMR015,Shan (North),MMR015D003,Kyaukme,MMR015012,Kyaukme,MMR015012702,Mongngawt Town,မိုင်းငေါ့,96.98402,22.77316
MMR015,Shan (North),MMR015D001,Lashio,MMR015001,Lashio,MMR015001701,Lashio Town,လားရှိုး,97.74747,22.95277
MMR015,Shan (North),MMR015D005,Kokang Self-Administered Zone,MMR015022,Laukkaing,MMR015022702,Chinshwehaw Town,ချင်းရွှေဟော်,98.82419,23.47557
MMR015,Shan (North),MMR015D005,Kokang Self-Administered Zone,MMR015022,Laukkaing,MMR015022701,Laukkaing Town,လောက်ကိုင်,98.76408,23.69163
MMR015,Shan (North),MMR015D008,Mongmit,MMR015018,Mabein,MMR015018701,Mabein Town,မဘိမ်း,96.6292,23.47292
MMR015,Shan (North),MMR015D003,Pa Laung Self-Administered Zone,MMR015019,Manton,MMR015019701,Manton Town,မန်တုံ,97.12222,23.24648
MMR015,Shan (North),MMR015D007,Matman,MMR015024,Matman,MMR015024701,Matman Town,မက်မန်း,98.87088,21.95417
MMR015,Shan (North),MMR015D008,Mongmit,MMR015017,Mongmit,MMR015017701,Mongmit Town,မိုးမိတ်,96.66999,23.11422
MMR015,Shan (North),MMR015D001,Lashio,MMR015003,Mongyai,MMR015003701,Mongyai Town,မိုင်းရယ်,98.039,22.42762
MMR015,Shan (North),MMR015D002,Muse,MMR015009,Muse,MMR015009703,Manhlyoe (Manhero) Town,(မန်ဟျိုး) မန်ဟီးရိုး,97.80064,23.95176
MMR015,Shan (North),MMR015D002,Muse,MMR015009,Muse,MMR015009702,Monekoe Town,မုန်းကိုး,98.3031,24.0998
MMR015,Shan (North),MMR015D002,Muse,MMR015009,Muse,MMR015009701,Muse Town,မူဆယ်,97.90165,23.98989
MMR015,Shan (North),MMR015D002,Muse,MMR015009,Muse,MMR015009704,Pang Hseng (Kyu Koke) Town,ပန်ဆိုင်း (ကြူကုတ်),98.06229,24.07548
MMR015,Shan (North),MMR015D331,Mong Maw (Wa SAD),MMR015301,Nam Tit,MMR015301701,Nam Tit Town,နမ့်တစ်,98.86718,23.47584
MMR015,Shan (North),MMR015D002,Muse,MMR015010,Namhkan,MMR015010701,Namhkan Town,နမ့်ခမ်း,97.6818,23.837
MMR015,Shan (North),MMR015D003,Pa Laung Self-Administered Zone,MMR015016,Namhsan,MMR015016701,Namhsan Town,နမ့်ဆန်,97.16126,22.96407
MMR015,Shan (North),MMR015D003,Kyaukme,MMR015015,Namtu,MMR015015701,Namtu Town,နမ္မတူ,97.40049,23.09361
MMR015,Shan (North),MMR015D003,Kyaukme,MMR015013,Nawnghkio,MMR015013701,Nawnghkio Town,နောင်ချို,96.79895,22.33003
MMR015,Shan (North),MMR015D007,Matman,MMR015005,Pangsang (Panghkam),MMR015005702,Man Kan Town,မန်ကန်,98.59519,22.68954
MMR015,Shan (North),MMR015D007,Matman,MMR015005,Pangsang (Panghkam),MMR015005701,Pangsang (Panghkam) Town,ပန်ဆန်း (ပန်ခမ်း),99.17044,22.17594
MMR015,Shan (North),MMR015D001,Lashio,MMR015004,Tangyan,MMR015004701,Tangyan Town,တန့်ယန်း,98.3968,22.4981
MMR014,Shan (South),MMR014D001,Pa-O Self-Administered Zone,MMR014003,Hopong,MMR014003701,Hopong Town,ဟိုပုံး,97.17024,20.79743
MMR014,Shan (South),MMR014D001,Pa-O Self-Administered Zone,MMR014004,Hsihseng,MMR014004701,Hsihseng Town,ဆီဆိုင်,97.2519,20.16227
MMR014,Shan (South),MMR014D001,Taunggyi,MMR014005,Kalaw,MMR014005702,Aungpan Town,အောင်ပန်း,96.63584,20.66122
MMR014,Shan (South),MMR014D001,Taunggyi,MMR014005,Kalaw,MMR014005703,He Hoe Town,ဟဲဟိုး,96.8239,20.7221
MMR014,Shan (South),MMR014D001,Taunggyi,MMR014005,Kalaw,MMR014005701,Kalaw Town,ကလော,96.55864,20.62418
MMR014,Shan (South),MMR014D002,Loilen,MMR014014,Kunhing,MMR014014702,Kar Li Town,ကာလိ,98.53381,21.28872
MMR014,Shan (South),MMR014D002,Loilen,MMR014014,Kunhing,MMR014014701,Kunhing Town,ကွန်ဟိန်း,98.424,21.301
MMR014,Shan (South),MMR014D002,Loilen,MMR014015,Kyethi,MMR014015701,Kyethi Town,ကျေးသီး,97.81933,21.92515
MMR014,Shan (South),MMR014D002,Loilen,MMR014015,Kyethi,MMR014015702,Mongnawng Town,မိုင်းနောင်,98.123,21.645
MMR014,Shan (South),MMR014D002,Loilen,MMR014012,Laihka,MMR014012701,Laihka Town,လဲချား,97.66509,21.27024
MMR014,Shan (South),MMR014D003,Langkho,MMR014018,Langkho,MMR014018702,Homein Town,ဟိုမိန်း,97.979,19.769
MMR014,Shan (South),MMR014D003,Langkho,MMR014018,Langkho,MMR014018701,Langkho Town,လင်းခေး,98.00371,20.34222
MMR014,Shan (South),MMR014D001,Taunggyi,MMR014008,Lawksawk,MMR014008702,Intaw Town,အင်တော,96.92252,21.63124
MMR014,Shan (South),MMR014D001,Taunggyi,MMR014008,Lawksawk,MMR014008701,Lawksawk Town,ရပ်စောက်,96.86518,21.24664
MMR014,Shan (South),MMR014D002,Loilen,MMR014011,Loilen,MMR014011701,Loilen Town,လွိုင်လင်,97.56581,20.92536
MMR014,Shan (South),MMR014D002,Loilen,MMR014011,Loilen,MMR014011702,Pinlon Town,ပင်လုံ,97.532,20.991
MMR014,Shan (South),MMR014D003,Langkho,MMR014020,Mawkmai,MMR014020701,Mawkmai Town,မောက်မယ်,97.72369,20.2305
MMR014,Shan (South),MMR014D002,Loilen,MMR014017,Monghsu,MMR014017701,Monghsu Town,မိုင်းရှူး,98.36044,21.90513
MMR014,Shan (South),MMR014D002,Loilen,MMR014017,Monghsu,MMR014017702,Mongsan (Hmonesan) Town,မိုင်းစံ (မုန်းဆန်း),98.36456,21.65989
MMR014,Shan (South),MMR014D002,Loilen,MMR014016,Mongkaing,MMR014016701,Mongkaing Town,မိုင်းကိုင်,97.52699,21.61149
MMR014,Shan (South),MMR014D003,Langkho,MMR014019,Mongnai,MMR014019702,Kengtawng Town,ကျိုင်းတောင်း,98.29333,20.75728
MMR014,Shan (South),MMR014D003,Langkho,MMR014019,Mongnai,MMR014019701,Mongnai Town,မိုးနဲ,97.8712,20.5136
MMR014,Shan (South),MMR014D003,Langkho,MMR014021,Mongpan,MMR014021701,Mongpan Town,မိုင်းပန်,98.3541,20.3188
MMR014,Shan (South),MMR014D002,Loilen,MMR014013,Nansang,MMR014013702,Kho Lam Town,ခိုလမ်,98.10086,21.09887
MMR014,Shan (South),MMR014D002,Loilen,MMR014013,Nansang,MMR014013701,Nansang Town,နမ့်စန်,97.72022,20.88912
MMR014,Shan (South),MMR014D001,Taunggyi,MMR014002,Nyaungshwe,MMR014002702,Nang Pang Town,နန်းပန်,96.90596,20.45493
MMR014,Shan (South),MMR014D001,Taunggyi,MMR014002,Nyaungshwe,MMR014002701,Nyaungshwe Town,ညောင်ရွှေ,96.93206,20.65957
MMR014,Shan (South),MMR014D001,Taunggyi,MMR014010,Pekon,MMR014010701,Pekon Town,ဖယ်ခုံ,97.00831,19.86348
MMR014,Shan (South),MMR014D001,Danu Self-Administered Zone,MMR014006,Pindaya,MMR014006701,Pindaya Town,ပင်းတယ,96.66279,20.94158
MMR014,Shan (South),MMR014D001,Pa-O Self-Administered Zone,MMR014009,Pinlaung,MMR014009702,Naungtayar Town,နောင်တရား,96.75691,20.29326
MMR014,Shan (South),MMR014D001,Pa-O Self-Administered Zone,MMR014009,Pinlaung,MMR014009703,Pawng Lawng Town,ပေါင်းလောင်း,96.58254,19.98626
MMR014,Shan (South),MMR014D001,Pa-O Self-Administered Zone,MMR014009,Pinlaung,MMR014009701,Pinlaung Town,ပင်လောင်း,96.78219,20.12439
MMR014,Shan (South),MMR014D001,Taunggyi,MMR014001,Taunggyi,MMR014001702,Ayetharyar Town,အေးသာယာ,96.99882,20.77475
MMR014,Shan (South),MMR014D001,Taunggyi,MMR014001,Taunggyi,MMR014001703,Kyauktalonegyi Town,ကျောက်တလုံးကြီး,97.024,20.371
MMR014,Shan (South),MMR014D001,Taunggyi,MMR014001,Taunggyi,MMR014001704,Shwenyaung Town,ရွှေညောင်,96.93614,20.76015
MMR014,Shan (South),MMR014D001,Taunggyi,MMR014001,Taunggyi,MMR014001701,Taunggyi Town,တောင်ကြီး,97.03598,20.77477
MMR014,Shan (South),MMR014D001,Danu Self-Administered Zone,MMR014007,Ywangan,MMR014007701,Ywangan Town,ရွာငံ,96.44229,21.16282
MMR006,Tanintharyi,MMR006D003,Kawthoung,MMR006010,Bokpyin,MMR006010701,Bokpyin Town,ဘုတ်ပြင်း,98.75909,11.26504
MMR006,Tanintharyi,MMR006D003,Kawthoung,MMR006010,Bokpyin,MMR006010703,Karathuri Town,ကရသူရိ,98.75998,10.93336
MMR006,Tanintharyi,MMR006D003,Kawthoung,MMR006010,Bokpyin,MMR006010702,Pyigyimandaing Town,ပြည်ကြီးမဏ္ဍိုင်,99.00144,11.46842
MMR006,Tanintharyi,MMR006D001,Dawei,MMR006001,Dawei,MMR006001701,Dawei Town,ထားဝယ်,98.19636,14.07753
MMR006,Tanintharyi,MMR006D001,Dawei,MMR006001,Dawei,MMR006001702,Myitta Town,မေတ္တာ,98.52017,14.16355
MMR006,Tanintharyi,MMR006D003,Kawthoung,MMR006009,Kawthoung,MMR006009701,Kawthoung Town,ကော့သောင်း,98.54995,9.98261
MMR006,Tanintharyi,MMR006D003,Kawthoung,MMR006009,Kawthoung,MMR006009702,Khamaukgyi Town,ခမောက်ကြီး,98.625,10.353
MMR006,Tanintharyi,MMR006D002,Myeik,MMR006006,Kyunsu,MMR006006701,Kyunsu Town,ကျွန်းစု,98.45443,12.47386
MMR006,Tanintharyi,MMR006D001,Dawei,MMR006002,Launglon,MMR006002701,Launglon Town,လောင်းလုံး,98.11963,13.97522
MMR006,Tanintharyi,MMR006D002,Myeik,MMR006005,Myeik,MMR006005701,Myeik Town,မြိတ်,98.60978,12.44112
MMR006,Tanintharyi,MMR006D002,Myeik,MMR006007,Palaw,MMR006007703,Pala Town,ပလ,98.66188,12.84928
MMR006,Tanintharyi,MMR006D002,Myeik,MMR006007,Palaw,MMR006007702,Palauk Town,ပလောက်,98.62248,13.27223
MMR006,Tanintharyi,MMR006D002,Myeik,MMR006007,Palaw,MMR006007701,Palaw Town,ပုလော,98.64579,12.97531
MMR006,Tanintharyi,MMR006D002,Myeik,MMR006008,Tanintharyi,MMR006008702,Maw Taung Town,မောတောင်,99.6275,11.7952
MMR006,Tanintharyi,MMR006D002,Myeik,MMR006008,Tanintharyi,MMR006008701,Tanintharyi Town,တနင်္သာရီ,99.01278,12.08941
MMR006,Tanintharyi,MMR006D001,Dawei,MMR006003,Thayetchaung,MMR006003701,Thayetchaung Town,သရက်ချောင်း,98.26252,13.8687
MMR006,Tanintharyi,MMR006D001,Dawei,MMR006004,Yebyu,MMR006004702,Kaleinaung Town,ကလိန်အောင်,98.13849,14.6238
MMR006,Tanintharyi,MMR006D001,Dawei,MMR006004,Yebyu,MMR006004701,Yebyu Town,ရေဖြူ,98.20291,14.24591
MMR013,Yangon,MMR013D004,Yangon (West),MMR013037,Ahlone,MMR013037701,Ahlone,အလုံ,96.12786,16.7824
MMR013,Yangon,MMR013D004,Yangon (West),MMR013044,Bahan,MMR013044701,Bahan,ဗဟန်း,96.15611,16.81543
MMR013,Yangon,MMR013D002,Yangon (East),MMR013017,Botahtaung,MMR013017701,Botahtaung,ဗိုလ်တထောင်,96.16971,16.77197
MMR013,Yangon,MMR013D003,Yangon (South),MMR013032,Cocokyun,MMR013032701,Cocokyun Town,ကိုကိုးကျွန်း,93.36821,14.13443
MMR013,Yangon,MMR013D004,Yangon (West),MMR013043,Dagon,MMR013043701,Dagon,ဒဂုံ,96.1469,16.79495
MMR013,Yangon,MMR013D002,Yangon (East),MMR013020,Dagon Myothit (East),MMR013020701,Dagon Myothit (East),ဒဂုံမြို့သစ် (အရှေ့ပိုင်း),96.21323,16.91281
MMR013,Yangon,MMR013D002,Yangon (East),MMR013019,Dagon Myothit (North),MMR013019701,Dagon Myothit (North) Town,ဒဂုံမြို့သစ်(မြောက်ပိုင်း),96.19079,16.87774
MMR013,Yangon,MMR013D002,Yangon (East),MMR013021,Dagon Myothit (Seikkan),MMR013021701,Dagon Myothit (Seikkan),ဒဂုံမြို့သစ် (ဆိပ်ကမ်း),96.27256,16.84049
MMR013,Yangon,MMR013D002,Yangon (East),MMR013018,Dagon Myothit (South),MMR013018701,Dagon Myothit (South) Town,ဒဂုံမြို့သစ်(တောင်ပိုင်း),96.22582,16.84016
MMR013,Yangon,MMR013D003,Yangon (South),MMR013030,Dala,MMR013030701,Dala,ဒလ,96.143,16.75855
MMR013,Yangon,MMR013D002,Yangon (East),MMR013014,Dawbon,MMR013014701,Dawbon,ဒေါပုံ,96.18435,16.78192
MMR013,Yangon,MMR013D004,Yangon (West),MMR013040,Hlaing,MMR013040701,Hlaing,လှိုင်,96.12523,16.84793
MMR013,Yangon,MMR013D001,Yangon (North),MMR013046,Hlaingtharya (East),MMR013046701,Hlaingtharya (East) Town,လှိုင်သာယာ (အရှေ့ပိုင်း),96.06893,16.85402,
MMR013,Yangon,MMR013D001,Yangon (North),MMR013047,Hlaingtharya (West),MMR013047701,Hlaingtharya (West) Town,လှိုင်သာယာ (အနောက်ပိုင်း),96.06893,16.85402,
MMR013,Yangon,MMR013D001,Yangon (North),MMR013004,Hlegu,MMR013004701,Hlegu Town,လှည်းကူး,96.22745,17.09875
MMR013,Yangon,MMR013D001,Yangon (North),MMR013003,Hmawbi,MMR013003701,Hmawbi Town,မှော်ဘီ,96.0418,17.09987
MMR013,Yangon,MMR013D001,Yangon (North),MMR013006,Htantabin,MMR013006701,Htantabin Town,ထန်းတပင်,95.9827,17.0174
MMR013,Yangon,MMR013D001,Yangon (North),MMR013001,Insein,MMR013001701,Insein,အင်းစိန်,96.09596,16.90177
MMR013,Yangon,MMR013D004,Yangon (West),MMR013041,Kamayut,MMR013041701,Kamayut,ကမာရွတ်,96.13244,16.82768
MMR013,Yangon,MMR013D003,Yangon (South),MMR013028,Kawhmu,MMR013028701,Kawhmu Town,ကော့မှူး,96.06195,16.54616
MMR013,Yangon,MMR013D003,Yangon (South),MMR013026,Kayan,MMR013026701,Kayan Town,ခရမ်း,96.5605,16.90544
MMR013,Yangon,MMR013D003,Yangon (South),MMR013029,Kungyangon,MMR013029701,Kungyangon Town,ကွမ်းခြံကုန်း,96.0119,16.4394
MMR013,Yangon,MMR013D004,Yangon (West),MMR013033,Kyauktada,MMR013033701,Kyauktada,ကျောက်တံတား,96.16164,16.77426
MMR013,Yangon,MMR013D003,Yangon (South),MMR013024,Kyauktan,MMR013024701,Kyauktan Town,ကျောက်တန်း,96.32351,16.63393
MMR013,Yangon,MMR013D003,Yangon (South),MMR013024,Kyauktan,MMR013024702,Tadar Town,တံတား,96.53949,16.64788
MMR013,Yangon,MMR013D004,Yangon (West),MMR013038,Kyeemyindaing,MMR013038701,Kyeemyindaing,ကြည့်မြင်တိုင်,96.12188,16.81457
MMR013,Yangon,MMR013D004,Yangon (West),MMR013035,Lanmadaw,MMR013035701,Lanmadaw,လမ်းမတော်,96.14234,16.77991
MMR013,Yangon,MMR013D004,Yangon (West),MMR013036,Latha,MMR013036701,Latha,လသာ,96.15053,16.77712
MMR013,Yangon,MMR013D004,Yangon (West),MMR013042,Mayangone,MMR013042701,Mayangone,မရမ်းကုန်း,96.14261,16.86619
MMR013,Yangon,MMR013D001,Yangon (North),MMR013002,Mingaladon,MMR013002702,Htaukkyant Town,ထောက်ကြန့်,96.13231,17.04276
MMR013,Yangon,MMR013D001,Yangon (North),MMR013002,Mingaladon,MMR013002701,Mingaladon,မင်္ဂလာဒုံ,96.12795,16.94914
MMR013,Yangon,MMR013D002,Yangon (East),MMR013022,Mingalartaungnyunt,MMR013022701,Mingalartaungnyunt,မင်္ဂလာတောင်ညွန့်,96.16786,16.78891
MMR013,Yangon,MMR013D002,Yangon (East),MMR013012,North Okkalapa,MMR013012701,North Okkalapa,မြောက်ဥက္ကလာပ,96.16303,16.91878
MMR013,Yangon,MMR013D004,Yangon (West),MMR013034,Pabedan,MMR013034701,Pabedan,ပန်းဘဲတန်း,96.15601,16.77698
MMR013,Yangon,MMR013D002,Yangon (East),MMR013016,Pazundaung,MMR013016701,Pazundaung,ပုဇွန်တောင်,96.17439,16.77965
MMR013,Yangon,MMR013D004,Yangon (West),MMR013039,Sanchaung,MMR013039701,Sanchaung,စမ်းချောင်း,96.13729,16.80381
MMR013,Yangon,MMR013D003,Yangon (South),MMR013031,Seikgyikanaungto,MMR013031701,Seikgyikanaungto,ဆိပ်ကြီး/ခနောင်တို,96.11637,16.75779
MMR013,Yangon,MMR013D001,Yangon (North),MMR013007,Shwepyithar,MMR013007701,Shwepyithar Town,ရွှေပြည်သာ,96.08329,16.95504
MMR013,Yangon,MMR013D002,Yangon (East),MMR013011,South Okkalapa,MMR013011701,South Okkalapa,တောင်ဥက္ကလာပ,96.17986,16.84625
MMR013,Yangon,MMR013D001,Yangon (North),MMR013005,Taikkyi,MMR013005703,Ahpyauk Town,အဖျောက်,95.69338,17.38239
MMR013,Yangon,MMR013D001,Yangon (North),MMR013005,Taikkyi,MMR013005702,Okekan Town,ဥက္ကံ,95.8607,17.49696
MMR013,Yangon,MMR013D001,Yangon (North),MMR013005,Taikkyi,MMR013005701,Taikkyi Town,တိုက်ကြီး,95.96344,17.31263
MMR013,Yangon,MMR013D002,Yangon (East),MMR013015,Tamwe,MMR013015701,Tamwe,တာမွေ,96.17646,16.81018
MMR013,Yangon,MMR013D002,Yangon (East),MMR013013,Thaketa,MMR013013701,Thaketa,သာကေတ,96.20296,16.79301
MMR013,Yangon,MMR013D003,Yangon (South),MMR013023,Thanlyin,MMR013023701,Thanlyin Town,သန်လျင်,96.25184,16.76378
MMR013,Yangon,MMR013D002,Yangon (East),MMR013009,Thingangyun,MMR013009701,Thingangyun,သင်္ဃန်းကျွန်း,96.19323,16.83101
MMR013,Yangon,MMR013D003,Yangon (South),MMR013025,Thongwa,MMR013025701,Thongwa Town,သုံးခွ,96.52309,16.7586
MMR013,Yangon,MMR013D003,Yangon (South),MMR013027,Twantay,MMR013027701,Twantay Town,တွံတေး,95.93047,16.70734
MMR013,Yangon,MMR013D002,Yangon (East),MMR013010,Yankin,MMR013010701,Yankin,ရန်ကင်း,96.1624,16.83601